[{"model": "admin.logentry", "pk": 1, "fields": {"action_time": "2024-06-09T18:13:33.282Z", "user": 1, "content_type": 4, "object_id": "2", "object_repr": "travisscott", "action_flag": 1, "change_message": "[{\"added\": {}}]"}}, {"model": "admin.logentry", "pk": 2, "fields": {"action_time": "2024-06-09T18:13:46.277Z", "user": 1, "content_type": 4, "object_id": "2", "object_repr": "travisscott", "action_flag": 2, "change_message": "[{\"changed\": {\"fields\": [\"First name\", \"Last name\"]}}]"}}, {"model": "admin.logentry", "pk": 3, "fields": {"action_time": "2024-06-09T18:14:04.854Z", "user": 1, "content_type": 4, "object_id": "3", "object_repr": "heisenberg", "action_flag": 1, "change_message": "[{\"added\": {}}]"}}, {"model": "admin.logentry", "pk": 4, "fields": {"action_time": "2024-06-09T18:14:15.249Z", "user": 1, "content_type": 4, "object_id": "3", "object_repr": "heisenberg", "action_flag": 2, "change_message": "[{\"changed\": {\"fields\": [\"First name\", \"Last name\"]}}]"}}, {"model": "admin.logentry", "pk": 5, "fields": {"action_time": "2024-06-09T18:14:34.126Z", "user": 1, "content_type": 7, "object_id": "1", "object_repr": "UserProfile object (1)", "action_flag": 1, "change_message": "[{\"added\": {}}]"}}, {"model": "admin.logentry", "pk": 6, "fields": {"action_time": "2024-06-09T18:14:45.719Z", "user": 1, "content_type": 7, "object_id": "2", "object_repr": "UserProfile object (2)", "action_flag": 1, "change_message": "[{\"added\": {}}]"}}, {"model": "admin.logentry", "pk": 7, "fields": {"action_time": "2024-06-10T14:03:54.851Z", "user": 1, "content_type": 4, "object_id": "4", "object_repr": "durden", "action_flag": 1, "change_message": "[{\"added\": {}}]"}}, {"model": "admin.logentry", "pk": 8, "fields": {"action_time": "2024-06-10T14:04:18.991Z", "user": 1, "content_type": 4, "object_id": "4", "object_repr": "durden", "action_flag": 2, "change_message": "[{\"changed\": {\"fields\": [\"First name\", \"Last name\"]}}]"}}, {"model": "admin.logentry", "pk": 9, "fields": {"action_time": "2024-06-10T14:04:58.307Z", "user": 1, "content_type": 7, "object_id": "3", "object_repr": "UserProfile object (3)", "action_flag": 1, "change_message": "[{\"added\": {}}]"}}, {"model": "admin.logentry", "pk": 10, "fields": {"action_time": "2024-06-10T17:25:45.993Z", "user": 1, "content_type": 7, "object_id": "2", "object_repr": "UserProfile object (2)", "action_flag": 2, "change_message": "[{\"changed\": {\"fields\": [\"Image\"]}}]"}}, {"model": "admin.logentry", "pk": 11, "fields": {"action_time": "2024-06-10T17:25:56.733Z", "user": 1, "content_type": 7, "object_id": "1", "object_repr": "UserProfile object (1)", "action_flag": 2, "change_message": "[{\"changed\": {\"fields\": [\"Image\"]}}]"}}, {"model": "admin.logentry", "pk": 12, "fields": {"action_time": "2024-07-04T08:48:33.970Z", "user": 1, "content_type": 7, "object_id": "9", "object_repr": "UserProfile object (9)", "action_flag": 3, "change_message": ""}}, {"model": "admin.logentry", "pk": 13, "fields": {"action_time": "2024-07-04T08:48:39.591Z", "user": 1, "content_type": 7, "object_id": "8", "object_repr": "UserProfile object (8)", "action_flag": 3, "change_message": ""}}, {"model": "admin.logentry", "pk": 14, "fields": {"action_time": "2024-07-04T14:17:59.623Z", "user": 1, "content_type": 4, "object_id": "9", "object_repr": "Olaolaolaolaola", "action_flag": 3, "change_message": ""}}, {"model": "admin.logentry", "pk": 15, "fields": {"action_time": "2024-07-04T14:18:06.009Z", "user": 1, "content_type": 4, "object_id": "10", "object_repr": "Uleuleuleuleu", "action_flag": 3, "change_message": ""}}, {"model": "admin.logentry", "pk": 16, "fields": {"action_time": "2024-10-21T16:46:49.250Z", "user": 1, "content_type": 4, "object_id": "12", "object_repr": "12", "action_flag": 3, "change_message": ""}}, {"model": "admin.logentry", "pk": 17, "fields": {"action_time": "2024-10-21T16:46:49.262Z", "user": 1, "content_type": 4, "object_id": "8", "object_repr": "test", "action_flag": 3, "change_message": ""}}, {"model": "admin.logentry", "pk": 18, "fields": {"action_time": "2024-10-21T16:46:49.267Z", "user": 1, "content_type": 4, "object_id": "13", "object_repr": "travisscott1", "action_flag": 3, "change_message": ""}}, {"model": "admin.logentry", "pk": 19, "fields": {"action_time": "2024-10-21T16:46:49.267Z", "user": 1, "content_type": 4, "object_id": "14", "object_repr": "travisscott12", "action_flag": 3, "change_message": ""}}, {"model": "auth.permission", "pk": 1, "fields": {"name": "Can add log entry", "content_type": 1, "codename": "add_logentry"}}, {"model": "auth.permission", "pk": 2, "fields": {"name": "Can change log entry", "content_type": 1, "codename": "change_logentry"}}, {"model": "auth.permission", "pk": 3, "fields": {"name": "Can delete log entry", "content_type": 1, "codename": "delete_logentry"}}, {"model": "auth.permission", "pk": 4, "fields": {"name": "Can view log entry", "content_type": 1, "codename": "view_logentry"}}, {"model": "auth.permission", "pk": 5, "fields": {"name": "Can add permission", "content_type": 2, "codename": "add_permission"}}, {"model": "auth.permission", "pk": 6, "fields": {"name": "Can change permission", "content_type": 2, "codename": "change_permission"}}, {"model": "auth.permission", "pk": 7, "fields": {"name": "Can delete permission", "content_type": 2, "codename": "delete_permission"}}, {"model": "auth.permission", "pk": 8, "fields": {"name": "Can view permission", "content_type": 2, "codename": "view_permission"}}, {"model": "auth.permission", "pk": 9, "fields": {"name": "Can add group", "content_type": 3, "codename": "add_group"}}, {"model": "auth.permission", "pk": 10, "fields": {"name": "Can change group", "content_type": 3, "codename": "change_group"}}, {"model": "auth.permission", "pk": 11, "fields": {"name": "Can delete group", "content_type": 3, "codename": "delete_group"}}, {"model": "auth.permission", "pk": 12, "fields": {"name": "Can view group", "content_type": 3, "codename": "view_group"}}, {"model": "auth.permission", "pk": 13, "fields": {"name": "Can add user", "content_type": 4, "codename": "add_user"}}, {"model": "auth.permission", "pk": 14, "fields": {"name": "Can change user", "content_type": 4, "codename": "change_user"}}, {"model": "auth.permission", "pk": 15, "fields": {"name": "Can delete user", "content_type": 4, "codename": "delete_user"}}, {"model": "auth.permission", "pk": 16, "fields": {"name": "Can view user", "content_type": 4, "codename": "view_user"}}, {"model": "auth.permission", "pk": 17, "fields": {"name": "Can add content type", "content_type": 5, "codename": "add_contenttype"}}, {"model": "auth.permission", "pk": 18, "fields": {"name": "Can change content type", "content_type": 5, "codename": "change_contenttype"}}, {"model": "auth.permission", "pk": 19, "fields": {"name": "Can delete content type", "content_type": 5, "codename": "delete_contenttype"}}, {"model": "auth.permission", "pk": 20, "fields": {"name": "Can view content type", "content_type": 5, "codename": "view_contenttype"}}, {"model": "auth.permission", "pk": 21, "fields": {"name": "Can add session", "content_type": 6, "codename": "add_session"}}, {"model": "auth.permission", "pk": 22, "fields": {"name": "Can change session", "content_type": 6, "codename": "change_session"}}, {"model": "auth.permission", "pk": 23, "fields": {"name": "Can delete session", "content_type": 6, "codename": "delete_session"}}, {"model": "auth.permission", "pk": 24, "fields": {"name": "Can view session", "content_type": 6, "codename": "view_session"}}, {"model": "auth.permission", "pk": 25, "fields": {"name": "Can add user profile", "content_type": 7, "codename": "add_userprofile"}}, {"model": "auth.permission", "pk": 26, "fields": {"name": "Can change user profile", "content_type": 7, "codename": "change_userprofile"}}, {"model": "auth.permission", "pk": 27, "fields": {"name": "Can delete user profile", "content_type": 7, "codename": "delete_userprofile"}}, {"model": "auth.permission", "pk": 28, "fields": {"name": "Can view user profile", "content_type": 7, "codename": "view_userprofile"}}, {"model": "auth.permission", "pk": 29, "fields": {"name": "Can add chat", "content_type": 8, "codename": "add_chat"}}, {"model": "auth.permission", "pk": 30, "fields": {"name": "Can change chat", "content_type": 8, "codename": "change_chat"}}, {"model": "auth.permission", "pk": 31, "fields": {"name": "Can delete chat", "content_type": 8, "codename": "delete_chat"}}, {"model": "auth.permission", "pk": 32, "fields": {"name": "Can view chat", "content_type": 8, "codename": "view_chat"}}, {"model": "auth.permission", "pk": 33, "fields": {"name": "Can add message", "content_type": 9, "codename": "add_message"}}, {"model": "auth.permission", "pk": 34, "fields": {"name": "Can change message", "content_type": 9, "codename": "change_message"}}, {"model": "auth.permission", "pk": 35, "fields": {"name": "Can delete message", "content_type": 9, "codename": "delete_message"}}, {"model": "auth.permission", "pk": 36, "fields": {"name": "Can view message", "content_type": 9, "codename": "view_message"}}, {"model": "auth.permission", "pk": 37, "fields": {"name": "Can add message", "content_type": 10, "codename": "add_message"}}, {"model": "auth.permission", "pk": 38, "fields": {"name": "Can change message", "content_type": 10, "codename": "change_message"}}, {"model": "auth.permission", "pk": 39, "fields": {"name": "Can delete message", "content_type": 10, "codename": "delete_message"}}, {"model": "auth.permission", "pk": 40, "fields": {"name": "Can view message", "content_type": 10, "codename": "view_message"}}, {"model": "auth.permission", "pk": 41, "fields": {"name": "Can add group", "content_type": 11, "codename": "add_group"}}, {"model": "auth.permission", "pk": 42, "fields": {"name": "Can change group", "content_type": 11, "codename": "change_group"}}, {"model": "auth.permission", "pk": 43, "fields": {"name": "Can delete group", "content_type": 11, "codename": "delete_group"}}, {"model": "auth.permission", "pk": 44, "fields": {"name": "Can view group", "content_type": 11, "codename": "view_group"}}, {"model": "auth.user", "pk": 1, "fields": {"password": "pbkdf2_sha256$600000$Vc4vGmTsUYU8z6gVkHty5o$NmWpdGN3PHr8P2D2A8pdGSOEzVPftUinX4zcxX0Ij8Y=", "last_login": "2024-10-21T16:45:56.802Z", "is_superuser": true, "username": "admin", "first_name": "", "last_name": "", "email": "", "is_staff": true, "is_active": true, "date_joined": "2024-06-09T18:12:50.056Z", "groups": [], "user_permissions": []}}, {"model": "auth.user", "pk": 2, "fields": {"password": "pbkdf2_sha256$600000$kYpe8fnuCDDWaw516GSvzB$w+rIs5EBCAVjJYLS3v8NpjRMUJ7Rpu7VzI8a0yhVEzg=", "last_login": "2024-10-26T11:40:00.720Z", "is_superuser": false, "username": "", "first_name": "Max", "last_name": "Scott", "email": "", "is_staff": false, "is_active": true, "date_joined": "2024-06-09T18:13:32Z", "groups": [], "user_permissions": []}}, {"model": "auth.user", "pk": 3, "fields": {"password": "pbkdf2_sha256$600000$nccihiuMYPfotdI7mjDpmQ$U8q8cl0qOINJIFmdaZICOFiozg8KNtpRKFlA26yy7BQ=", "last_login": "2024-10-27T20:27:14.965Z", "is_superuser": false, "username": "heisenberg", "first_name": "Whalter", "last_name": "White", "email": "", "is_staff": false, "is_active": true, "date_joined": "2024-06-09T18:14:03Z", "groups": [], "user_permissions": []}}, {"model": "auth.user", "pk": 4, "fields": {"password": "pbkdf2_sha256$600000$Ik1MnH6JqxsRB1njMGbZlU$WUhrZBtneIuoUqW9ZDl5llIHthVzobzAkGykNJ3ZkGU=", "last_login": "2024-09-16T16:24:08.285Z", "is_superuser": false, "username": "durden", "first_name": "Tyler", "last_name": "Durden", "email": "", "is_staff": false, "is_active": true, "date_joined": "2024-06-10T14:03:54Z", "groups": [], "user_permissions": []}}, {"model": "auth.user", "pk": 5, "fields": {"password": "pbkdf2_sha256$600000$yojhvytH6IS6SVzJ3MXwz7$4fQXDBa1sewDZtmRe9e7HnWu+iOOHcLt+bc0WQk64+0=", "last_login": "2024-06-27T17:36:36.580Z", "is_superuser": false, "username": "mdragneva", "first_name": "Maria", "last_name": "Dragneva", "email": "", "is_staff": false, "is_active": true, "date_joined": "2024-06-13T17:42:20.127Z", "groups": [], "user_permissions": []}}, {"model": "auth.user", "pk": 6, "fields": {"password": "pbkdf2_sha256$600000$YOlTgZeNpr9OOABxeiwYUx$10qd/rHlee5GL9Oxb95880aHahj2cyBg9XTLh4QBoJI=", "last_login": "2024-06-14T08:25:34.587Z", "is_superuser": false, "username": "dragneva", "first_name": "Maria", "last_name": "Dragneva", "email": "", "is_staff": false, "is_active": true, "date_joined": "2024-06-14T08:25:33.863Z", "groups": [], "user_permissions": []}}, {"model": "auth.user", "pk": 7, "fields": {"password": "pbkdf2_sha256$600000$WpAZLjGmGM5R46w7rswrOu$iz785lzd8JUedmnkBxukJCLCVjSlFCQMkaAX/cF1Ax0=", "last_login": "2024-06-27T17:37:02.161Z", "is_superuser": false, "username": "mslipchuk", "first_name": "Максим", "last_name": "Сліпчук", "email": "", "is_staff": false, "is_active": true, "date_joined": "2024-06-14T08:33:55.555Z", "groups": [], "user_permissions": []}}, {"model": "auth.user", "pk": 11, "fields": {"password": "pbkdf2_sha256$600000$x4zJFemDx4Yq2pF0F0gfM8$fvV6BI/ZyC8ZPSXmYyiqSKVtWZTrbeKqv6SSGCxd8w0=", "last_login": "2024-09-15T11:59:45.887Z", "is_superuser": false, "username": "omegaLogin", "first_name": "omegaName", "last_name": "omegaSurname", "email": "", "is_staff": false, "is_active": true, "date_joined": "2024-08-23T09:45:54.057Z", "groups": [], "user_permissions": []}}, {"model": "contenttypes.contenttype", "pk": 1, "fields": {"app_label": "admin", "model": "logentry"}}, {"model": "contenttypes.contenttype", "pk": 2, "fields": {"app_label": "auth", "model": "permission"}}, {"model": "contenttypes.contenttype", "pk": 3, "fields": {"app_label": "auth", "model": "group"}}, {"model": "contenttypes.contenttype", "pk": 4, "fields": {"app_label": "auth", "model": "user"}}, {"model": "contenttypes.contenttype", "pk": 5, "fields": {"app_label": "contenttypes", "model": "contenttype"}}, {"model": "contenttypes.contenttype", "pk": 6, "fields": {"app_label": "sessions", "model": "session"}}, {"model": "contenttypes.contenttype", "pk": 7, "fields": {"app_label": "account", "model": "userprofile"}}, {"model": "contenttypes.contenttype", "pk": 8, "fields": {"app_label": "chat", "model": "chat"}}, {"model": "contenttypes.contenttype", "pk": 9, "fields": {"app_label": "chat", "model": "message"}}, {"model": "contenttypes.contenttype", "pk": 10, "fields": {"app_label": "groups", "model": "message"}}, {"model": "contenttypes.contenttype", "pk": 11, "fields": {"app_label": "groups", "model": "group"}}, {"model": "sessions.session", "pk": "0q9fp6f287x750soq4m5k6ylib7fq2ip", "fields": {"session_data": ".eJxVjEEOwiAQRe_C2hBaLAMu3fcMZJiZStVAUtqV8e7apAvd_vfef6mI25rj1mSJM6uLOqvT75aQHlJ2wHcst6qplnWZk94VfdCmx8ryvB7u30HGlr81WOgNe0FPgI49BUPOdYxoKVjXWx6QwXRkAP1kULwE9oknS0MCdur9Ae4gOJo:1sppRz:ED6JZAffOcek5ntJbl2fsZO0Ronf_ez6npmJfT8VcYg", "expire_date": "2024-09-29T13:38:03.022Z"}}, {"model": "sessions.session", "pk": "1fiifhd1qagh1kp0wsbyjrtogv9ohrrn", "fields": {"session_data": ".eJxVjEEOwiAQRe_C2hAKDgWX7nsGwjCDVA0kpV0Z765NutDtf-_9lwhxW0vYOi9hJnERRpx-N4zpwXUHdI_11mRqdV1mlLsiD9rl1Iif18P9Oyixl2_Nmgx5yBGBVXbgvUcYyTC45LK2PDBGrXw-awRL6LRRivQAoyVH3oj3B_iSN-o:1sHo2Z:I-PAaWjilDhfLlv9uMBzJHrz4H_ZC17BPOIxDjpH9-0", "expire_date": "2024-06-27T17:15:11.900Z"}}, {"model": "sessions.session", "pk": "2pqui98ikhw86orto0hpevzlhofip76h", "fields": {"session_data": ".eJxVjEEOwiAQRe_C2hAKDgWX7nsGwjCDVA0kpV0Z765NutDtf-_9lwhxW0vYOi9hJnERRpx-N4zpwXUHdI_11mRqdV1mlLsiD9rl1Iif18P9Oyixl2_Nmgx5yBGBVXbgvUcYyTC45LK2PDBGrXw-awRL6LRRivQAoyVH3oj3B_iSN-o:1sHpvC:SFRACkg89o2B6khLwKQEQ1anernMRH9IFLmDNfCyKJg", "expire_date": "2024-06-27T19:15:42.098Z"}}, {"model": "sessions.session", "pk": "3v9jfgjibl4wrh20e1u87nnglwxob0wg", "fields": {"session_data": ".eJxVjEEOwiAQRe_C2hCYUggu3XsGMgODVA0kpV0Z764kXWj-7r-X9xIB962EvfMaliTOAsTp9yOMD64DpDvWW5Ox1W1dSA5FHrTLa0v8vBzuX6BgLyOb54wayCeDkZxHcKQYFRieIGv7nc-RmFjxzDZ7Q8lZE5kJJvJavD8FODjk:1sYp1g:l4LUbFmogNB3pthcoUMclsFrhktBI1fdH6Lsk96glQ0", "expire_date": "2024-08-13T15:44:36.073Z"}}, {"model": "sessions.session", "pk": "3xd0x674dn0xy5uie0nbsnozf5gwbrjp", "fields": {"session_data": ".eJxVjEEOwiAQRe_C2hAKDgWX7nsGwjCDVA0kpV0Z765NutDtf-_9lwhxW0vYOi9hJnERRpx-N4zpwXUHdI_11mRqdV1mlLsiD9rl1Iif18P9Oyixl2_Nmgx5yBGBVXbgvUcYyTC45LK2PDBGrXw-awRL6LRRivQAoyVH3oj3B_iSN-o:1sPgX3:xV50RdJCEzQtu9AkeCqqBM0-hn3RWfD0Ez4YUI8-emc", "expire_date": "2024-07-19T10:51:13.349Z"}}, {"model": "sessions.session", "pk": "5lk4ulv84dxefyi9m2eg5vl4wak6qsov", "fields": {"session_data": ".eJxVjEEOwiAQRe_C2hCYUggu3XsGMgODVA0kpV0Z764kXWj-7r-X9xIB962EvfMaliTOAsTp9yOMD64DpDvWW5Ox1W1dSA5FHrTLa0v8vBzuX6BgLyOb54wayCeDkZxHcKQYFRieIGv7nc-RmFjxzDZ7Q8lZE5kJJvJavD8FODjk:1sUX9m:W4w1YBzy6m9J4fwcPqbNAP0ofL58vXNln8xlXPKOc2M", "expire_date": "2024-08-01T19:51:14.907Z"}}, {"model": "sessions.session", "pk": "76qtvx8vg93kk35pnzoh9rhjgpgo6bou", "fields": {"session_data": ".eJxVjEEOwiAQRe_C2hAKDgWX7nsGwjCDVA0kpV0Z765NutDtf-_9lwhxW0vYOi9hJnERRpx-N4zpwXUHdI_11mRqdV1mlLsiD9rl1Iif18P9Oyixl2_Nmgx5yBGBVXbgvUcYyTC45LK2PDBGrXw-awRL6LRRivQAoyVH3oj3B_iSN-o:1sX2kM:nynMrecKeyXsq6mzYDOjQl2xWCaAYnuZTbI3Ilqpufk", "expire_date": "2024-08-08T17:59:22.141Z"}}, {"model": "sessions.session", "pk": "93jp3g2ixv9abcbi2z7ilwoos3vrdbqa", "fields": {"session_data": ".eJxVjEEOwiAQRe_C2hCYUggu3XsGMgODVA0kpV0Z764kXWj-7r-X9xIB962EvfMaliTOAsTp9yOMD64DpDvWW5Ox1W1dSA5FHrTLa0v8vBzuX6BgLyOb54wayCeDkZxHcKQYFRieIGv7nc-RmFjxzDZ7Q8lZE5kJJvJavD8FODjk:1sYmHl:SWFWHpmlv2O7Wvnm5W1lYIMu7QzBFOM-Ok1TNjFyX_c", "expire_date": "2024-08-13T12:49:01.779Z"}}, {"model": "sessions.session", "pk": "aptazkhgimd2amszbincrhnsl54cqup1", "fields": {"session_data": ".eJxVjDsOwjAQBe_iGlm7_mCbkp4zWLtZmwRQIsVJhbg7iZQC2jfz5q0yrUuf11bmPIi6KER1-h2ZumcZdyIPGu-T7qZxmQfWu6IP2vRtkvK6Hu5foKfWb28b-ZwSMVdwJnFwIOAdJkAfjAUANtVYE2lLoktAzmIVgeAjovWiPl_aIDa6:1shQri:6bGjH9QEMejldzVzEvg47ub7wCsoO9b5TaOOGEer6c8", "expire_date": "2024-09-06T09:45:54.522Z"}}, {"model": "sessions.session", "pk": "bwkjaeemjy0lgamorzo9dn8n8v90r2fw", "fields": {"session_data": ".eJxVjEEOwiAQRe_C2hAKDgWX7nsGwjCDVA0kpV0Z765NutDtf-_9lwhxW0vYOi9hJnERRpx-N4zpwXUHdI_11mRqdV1mlLsiD9rl1Iif18P9Oyixl2_Nmgx5yBGBVXbgvUcYyTC45LK2PDBGrXw-awRL6LRRivQAoyVH3oj3B_iSN-o:1t2vhR:ten9FPufdmOW6j2pjn7plf7cC076NKT-pTxVL9ddi1s", "expire_date": "2024-11-04T16:56:09.335Z"}}, {"model": "sessions.session", "pk": "dfgb3xctsr9h1esy82augcr4ge6w1ixm", "fields": {"session_data": ".eJxVjEEOwiAQRe_C2hCYUggu3XsGMgODVA0kpV0Z764kXWj-7r-X9xIB962EvfMaliTOAsTp9yOMD64DpDvWW5Ox1W1dSA5FHrTLa0v8vBzuX6BgLyOb54wayCeDkZxHcKQYFRieIGv7nc-RmFjxzDZ7Q8lZE5kJJvJavD8FODjk:1sHoE2:W6zeM1zudzBuFhqfmSJPex0Z_TxtBNAib8nUGvLzgdw", "expire_date": "2024-06-27T17:27:02.083Z"}}, {"model": "sessions.session", "pk": "e315rbvu4f0j68c81mwupytwsku4ps01", "fields": {"session_data": ".eJxVjEEOwiAQRe_C2hCYUggu3XsGMgODVA0kpV0Z764kXWj-7r-X9xIB962EvfMaliTOAsTp9yOMD64DpDvWW5Ox1W1dSA5FHrTLa0v8vBzuX6BgLyOb54wayCeDkZxHcKQYFRieIGv7nc-RmFjxzDZ7Q8lZE5kJJvJavD8FODjk:1syWq3:0_sBa39C38-4V-6PIiim3YN1PXpianvQ8CyZDpS-Gps", "expire_date": "2024-10-23T13:34:51.419Z"}}, {"model": "sessions.session", "pk": "ewwu4h2n0sh5hf0qh2bex8j1cmmj1t13", "fields": {"session_data": ".eJxVjEEOwiAQRe_C2hAKDgWX7nsGwjCDVA0kpV0Z765NutDtf-_9lwhxW0vYOi9hJnERRpx-N4zpwXUHdI_11mRqdV1mlLsiD9rl1Iif18P9Oyixl2_Nmgx5yBGBVXbgvUcYyTC45LK2PDBGrXw-awRL6LRRivQAoyVH3oj3B_iSN-o:1sqGFh:4ZWJl4ylcLgEDOjscbLH_3HPCQnTK3lG-4rGDs3RhUw", "expire_date": "2024-09-30T18:15:09.012Z"}}, {"model": "sessions.session", "pk": "iaqqgk284hfp0anoh6g0xgn2aql7tu8n", "fields": {"session_data": ".eJxVjEEOwiAQRe_C2hCYUggu3XsGMgODVA0kpV0Z764kXWj-7r-X9xIB962EvfMaliTOAsTp9yOMD64DpDvWW5Ox1W1dSA5FHrTLa0v8vBzuX6BgLyOb54wayCeDkZxHcKQYFRieIGv7nc-RmFjxzDZ7Q8lZE5kJJvJavD8FODjk:1sIwb1:eoY8VrdCsgloxt99Fl0AgAnPYvF1CU5TtDX4gn7ZEnM", "expire_date": "2024-06-30T20:35:27.159Z"}}, {"model": "sessions.session", "pk": "kjqh3lutwyi9blgxwmmzrbw6euz4q9to", "fields": {"session_data": ".eJxVjDsOwjAQBe_iGlnrP6Gkzxms3bWNA8iR4qRC3B0ipYD2zcx7iYjbWuPW8xKnJC7CidPvRsiP3HaQ7thus-S5rctEclfkQbsc55Sf18P9O6jY67dWCpk9GcNeMVEIKuWzHkgr6w3ZXHwpxQAGIJdwYBuQi4YEAYoJ4MT7A_tUOEk:1sMt2y:nwOQM9BbvDZltR0kidnQKj9EWrQT0VaW9pNWeS_rhAY", "expire_date": "2024-07-11T17:36:36.592Z"}}, {"model": "sessions.session", "pk": "m2n2z1fok3ztc9k3m82tat9d9adull5o", "fields": {"session_data": ".eJxVjEEOwiAQRe_C2hCYUggu3XsGMgODVA0kpV0Z764kXWj-7r-X9xIB962EvfMaliTOAsTp9yOMD64DpDvWW5Ox1W1dSA5FHrTLa0v8vBzuX6BgLyOb54wayCeDkZxHcKQYFRieIGv7nc-RmFjxzDZ7Q8lZE5kJJvJavD8FODjk:1sGfeM:XG3eepIcVJSS9HSY5lF19aqQoJIcKlAQ84PvpXHFdFI", "expire_date": "2024-06-24T14:05:30.482Z"}}, {"model": "sessions.session", "pk": "nmb9pao88f77jmjy29q65pq114pa2nv3", "fields": {"session_data": ".eJxVjEEOwiAQRe_C2hAKDgWX7nsGwjCDVA0kpV0Z765NutDtf-_9lwhxW0vYOi9hJnERRpx-N4zpwXUHdI_11mRqdV1mlLsiD9rl1Iif18P9Oyixl2_Nmgx5yBGBVXbgvUcYyTC45LK2PDBGrXw-awRL6LRRivQAoyVH3oj3B_iSN-o:1sYmIA:_IAsKEO7TTLLvrYjgvsO6RBhv6VjckZJnWzvpm3pHY0", "expire_date": "2024-08-13T12:49:26.331Z"}}, {"model": "sessions.session", "pk": "pvu023lpt5bx7g8s56mszzsafirj72ub", "fields": {"session_data": ".eJxVjEEOwiAQRe_C2hAKDgWX7nsGwjCDVA0kpV0Z765NutDtf-_9lwhxW0vYOi9hJnERRpx-N4zpwXUHdI_11mRqdV1mlLsiD9rl1Iif18P9Oyixl2_Nmgx5yBGBVXbgvUcYyTC45LK2PDBGrXw-awRL6LRRivQAoyVH3oj3B_iSN-o:1sHoO9:PFJhsQcUTIjhGKhZLLWZcFmm_6J9FToNct3NAJ0QsqQ", "expire_date": "2024-06-27T17:37:29.826Z"}}, {"model": "sessions.session", "pk": "pwxt7cir1igujaic1gmucyjhgphofp8g", "fields": {"session_data": ".eJxVjEEOwiAQRe_C2hCYUggu3XsGMgODVA0kpV0Z764kXWj-7r-X9xIB962EvfMaliTOAsTp9yOMD64DpDvWW5Ox1W1dSA5FHrTLa0v8vBzuX6BgLyOb54wayCeDkZxHcKQYFRieIGv7nc-RmFjxzDZ7Q8lZE5kJJvJavD8FODjk:1svHRS:Q4HgaiauziCv_x5kTaGeWCpYhtYaGS8mPRhJ1CqyMvw", "expire_date": "2024-10-14T14:32:02.575Z"}}, {"model": "sessions.session", "pk": "rld1w6rzoc4belsduvufefcipbonazd7", "fields": {"session_data": ".eJxVjEEOwiAQRe_C2hCYUggu3XsGMgODVA0kpV0Z764kXWj-7r-X9xIB962EvfMaliTOAsTp9yOMD64DpDvWW5Ox1W1dSA5FHrTLa0v8vBzuX6BgLyOb54wayCeDkZxHcKQYFRieIGv7nc-RmFjxzDZ7Q8lZE5kJJvJavD8FODjk:1sHoG4:dq9T017CzjCtroX9cHZzj9qMERzpteeE1hu7-8QAYbc", "expire_date": "2024-06-27T17:29:08.652Z"}}, {"model": "sessions.session", "pk": "s627212dovs7jlpzeufz3sy22mn2jwqk", "fields": {"session_data": ".eJxVjEEOwiAQRe_C2hCYUggu3XsGMgODVA0kpV0Z764kXWj-7r-X9xIB962EvfMaliTOAsTp9yOMD64DpDvWW5Ox1W1dSA5FHrTLa0v8vBzuX6BgLyOb54wayCeDkZxHcKQYFRieIGv7nc-RmFjxzDZ7Q8lZE5kJJvJavD8FODjk:1sgL6C:HPpIU65EYYHajs7hdrNZzgeg3rSH6I-zPC3AUwyu58Q", "expire_date": "2024-09-03T09:24:20.594Z"}}, {"model": "sessions.session", "pk": "tr7h8hmhbi2fdq3juwzw457xvman1tqk", "fields": {"session_data": ".eJxVjEEOwiAQRe_C2hBaLAMu3fcMZJiZStVAUtqV8e7apAvd_vfef6mI25rj1mSJM6uLOqvT75aQHlJ2wHcst6qplnWZk94VfdCmx8ryvB7u30HGlr81WOgNe0FPgI49BUPOdYxoKVjXWx6QwXRkAP1kULwE9oknS0MCdur9Ae4gOJo:1siJAy:ZSCedcCeZdy5yJa7ctU_exlaI5oYCcoXWg-rkgNmq90", "expire_date": "2024-09-08T19:45:24.008Z"}}, {"model": "sessions.session", "pk": "wekf5plvb1h7zc8vuq1soeyheyrew5nk", "fields": {"session_data": ".eJxVjDsOwjAQBe_iGlnrP6Gkzxms3bWNA8iR4qRC3B0ipYD2zcx7iYjbWuPW8xKnJC7CidPvRsiP3HaQ7thus-S5rctEclfkQbsc55Sf18P9O6jY67dWCpk9GcNeMVEIKuWzHkgr6w3ZXHwpxQAGIJdwYBuQi4YEAYoJ4MT7A_tUOEk:1sIYIJ:30FuZqkXTJHbi_m4p0pVPOQtnkzTyfMmaesUQrKlih8", "expire_date": "2024-06-29T18:38:31.521Z"}}, {"model": "sessions.session", "pk": "wihfd6ku6j7rbhlzlk2su7s6o0t27zia", "fields": {"session_data": ".eJxVjEEOwiAQRe_C2hBgOhVcuvcMZJhBqRpISrsy3l2bdKHb_977LxVpXUpce57jJOqkQB1-t0T8yHUDcqd6a5pbXeYp6U3RO-360iQ_z7v7d1Col299TYwZh6Ph0Xt0xnngkS2GQUwmAsOEQJYNIKCAQ_DIWTiE4NBYVO8P0bI3BA:1t59r0:0wcjLORHc5jRl6xm8dQ47km-vV29ovC-qe70-06fWn0", "expire_date": "2024-11-10T20:27:14.975Z"}}, {"model": "sessions.session", "pk": "wsxnmntn0vpzjv4pm35d0737il2wkn89", "fields": {"session_data": ".eJxVjEEOwiAQRe_C2hCYUggu3XsGMgODVA0kpV0Z764kXWj-7r-X9xIB962EvfMaliTOAsTp9yOMD64DpDvWW5Ox1W1dSA5FHrTLa0v8vBzuX6BgLyOb54wayCeDkZxHcKQYFRieIGv7nc-RmFjxzDZ7Q8lZE5kJJvJavD8FODjk:1sZ6gM:62KmR_fDTg445ZnaE8Vud9GzhtKqxGFtVBVV_6x51Xk", "expire_date": "2024-08-14T10:35:46.917Z"}}, {"model": "sessions.session", "pk": "zwpopw6f9kajoveorbdtux8dpak63vv8", "fields": {"session_data": ".eJxVjDsOwjAQBe_iGlnrP6Gkzxms3bWNA8iR4qRC3B0ipYD2zcx7iYjbWuPW8xKnJC7CidPvRsiP3HaQ7thus-S5rctEclfkQbsc55Sf18P9O6jY67dWCpk9GcNeMVEIKuWzHkgr6w3ZXHwpxQAGIJdwYBuQi4YEAYoJ4MT7A_tUOEk:1sI2Ki:WZy_Jl7e4QqKwtelxLQm-OeZrTQdwzZxgI8zog35u8k", "expire_date": "2024-06-28T08:30:52.059Z"}}, {"model": "account.userprofile", "pk": 1, "fields": {"user": 2, "age": 32, "image": "travis_T86Nc2b.png"}}, {"model": "account.userprofile", "pk": 2, "fields": {"user": 3, "age": 68, "image": "whalter_nXQNpeM.jpg"}}, {"model": "account.userprofile", "pk": 3, "fields": {"user": 4, "age": 60, "image": "tyler_v09mllR.jpg"}}, {"model": "account.userprofile", "pk": 4, "fields": {"user": 5, "age": 15, "image": ""}}, {"model": "account.userprofile", "pk": 5, "fields": {"user": 6, "age": 15, "image": ""}}, {"model": "account.userprofile", "pk": 6, "fields": {"user": 7, "age": 25, "image": ""}}, {"model": "account.userprofile", "pk": 10, "fields": {"user": 11, "age": 25, "image": ""}}, {"model": "chat.chat", "pk": 7, "fields": {"user1": 5, "user2": 6}}, {"model": "chat.chat", "pk": 183, "fields": {"user1": 2, "user2": 2}}, {"model": "chat.chat", "pk": 187, "fields": {"user1": 2, "user2": 4}}, {"model": "chat.chat", "pk": 189, "fields": {"user1": 2, "user2": 5}}, {"model": "chat.chat", "pk": 190, "fields": {"user1": 2, "user2": 6}}, {"model": "chat.chat", "pk": 192, "fields": {"user1": 3, "user2": 2}}, {"model": "chat.message", "pk": 97, "fields": {"chat": 7, "timestamp": "2024-06-14T08:32:01.437Z", "message": "hello", "sender": 5}}, {"model": "chat.message", "pk": 98, "fields": {"chat": 7, "timestamp": "2024-06-14T08:32:09.334Z", "message": "Hi", "sender": 5}}, {"model": "chat.message", "pk": 849, "fields": {"chat": 187, "timestamp": "2024-10-09T08:36:49.610Z", "message": "ss", "sender": 2}}, {"model": "chat.message", "pk": 884, "fields": {"chat": 192, "timestamp": "2024-10-26T17:13:27.859Z", "message": "купукпу", "sender": 3}}, {"model": "groups.group", "pk": 3, "fields": {"name": "group1", "admin": 5, "members": [3, 4, 5, 6]}}, {"model": "groups.group", "pk": 30, "fields": {"name": "12e", "admin": 4, "members": [2, 4]}}, {"model": "groups.group", "pk": 31, "fields": {"name": "daasdad", "admin": 4, "members": [2, 4]}}, {"model": "groups.group", "pk": 32, "fields": {"name": "qwdqdsad", "admin": 4, "members": [2, 4]}}, {"model": "groups.group", "pk": 33, "fields": {"name": "qwdassx", "admin": 4, "members": [2, 4]}}, {"model": "groups.group", "pk": 34, "fields": {"name": "qwdsdxZ", "admin": 4, "members": [2, 4]}}, {"model": "groups.group", "pk": 35, "fields": {"name": "ZAZA", "admin": 4, "members": [2, 4]}}, {"model": "groups.group", "pk": 36, "fields": {"name": "sdsfd", "admin": 4, "members": [2, 4]}}, {"model": "groups.group", "pk": 37, "fields": {"name": "dfgrg", "admin": 4, "members": [2, 4]}}, {"model": "groups.group", "pk": 38, "fields": {"name": "yuj", "admin": 4, "members": [2, 4]}}, {"model": "groups.group", "pk": 39, "fields": {"name": "yujrtg", "admin": 4, "members": [2, 4]}}, {"model": "groups.group", "pk": 40, "fields": {"name": "rgtrgdfv", "admin": 4, "members": [2, 4]}}, {"model": "groups.group", "pk": 47, "fields": {"name": "xxxx", "admin": 2, "members": [2]}}, {"model": "groups.group", "pk": 48, "fields": {"name": "фффф", "admin": 2, "members": [2]}}, {"model": "groups.group", "pk": 49, "fields": {"name": "111111", "admin": 4, "members": [2, 4]}}, {"model": "groups.group", "pk": 50, "fields": {"name": "222222", "admin": 2, "members": [2]}}, {"model": "groups.group", "pk": 51, "fields": {"name": "0101010101", "admin": 2, "members": [2]}}, {"model": "groups.group", "pk": 52, "fields": {"name": "hihihihi", "admin": 2, "members": [2, 4]}}, {"model": "groups.group", "pk": 53, "fields": {"name": "12121212", "admin": 2, "members": [2]}}]